Node,Degree Centrality,Closeness Centrality,Betweenness Centrality,Eigenvector Centrality,Harmonic Centrality,Clustering Coefficient
0,0.0,0.0,0.0,8.651483795945268e-82,0.0,0.0
1,0.003076923076923077,0.0,0.0,1.7968428854140633e-47,0.0,0.0
2,0.0015384615384615385,0.0015384615384615385,0.0,9.949206365337061e-80,1.0,0.0
3,0.0015384615384615385,0.0,0.0,8.651483795945268e-82,0.0,0.0
4,0.004615384615384615,0.0,0.0,1.7968428854140633e-47,0.0,0.0
5,0.004615384615384615,0.017121683711279086,0.0,0.00011169501071915151,14.922666222666214,0.0
6,0.004615384615384615,0.0,0.0,1.7968428854140633e-47,0.0,0.0
7,0.0,0.0,0.0,8.651483795945268e-82,0.0,0.0
8,0.004615384615384615,0.0,0.0,1.7968428854140633e-47,0.0,0.0
9,0.0015384615384615385,0.0015384615384615385,0.0,1.7968428854140633e-47,1.0,0.0
10,0.0,0.0,0.0,8.651483795945268e-82,0.0,0.0
11,0.003076923076923077,0.0,0.0,1.7968428854140633e-47,0.0,0.0
12,0.006153846153846154,0.003076923076923077,0.0,1.4614383174806073e-33,2.333333333333333,0.0
13,0.0,0.0,0.0,8.651483795945268e-82,0.0,0.0
14,0.0,0.0,0.0,8.651483795945268e-82,0.0,0.0
15,0.004615384615384615,0.0,0.0,1.7968428854140633e-47,0.0,0.0
16,0.003076923076923077,0.0,0.0,1.7968428854140633e-47,0.0,0.0
17,0.004615384615384615,0.0,0.0,1.7968428854140633e-47,0.0,0.0
18,0.004615384615384615,0.0015384615384615385,0.0,1.0421688735401568e-45,1.0,0.0
19,0.004615384615384615,0.0,0.0,1.7968428854140633e-47,0.0,0.0
20,0.00923076923076923,0.0035164835164835165,0.0005130180553909367,3.2428695511019766e-18,2.833333333333333,0.0
21,0.006153846153846154,0.0032051282051282055,0.00017877602623365334,2.004203603663136e-18,2.5833333333333335,0.0
22,0.006153846153846154,0.003076923076923077,0.0006054679783493343,1.2386659474388416e-18,2.6166666666666667,0.0
23,0.006153846153846154,0.0030153846153846155,0.001027418908774841,7.655376562242955e-19,2.6999999999999997,0.0
24,0.015384615384615385,0.009882756648555905,0.0025407925407925414,3.4145448948133495e-07,9.922379722960217,0.19047619047619047
25,0.010769230769230769,0.021970756516211064,0.00011793291454308404,0.002403164061402584,19.281385281385276,0.5
26,0.006153846153846154,0.019110632956786805,0.0,0.0013934139913832147,16.315584415584407,1.0
27,0.004615384615384615,0.0,0.0,1.7968428854140633e-47,0.0,0.0
28,0.0015384615384615385,0.0015384615384615385,0.0,1.7968428854140633e-47,1.0,0.0
29,0.0,0.0,0.0,8.651483795945268e-82,0.0,0.0
30,0.003076923076923077,0.0,0.0,1.7968428854140633e-47,0.0,0.0
31,0.0,0.0,0.0,8.651483795945268e-82,0.0,0.0
32,0.004615384615384615,0.0,0.0,1.7968428854140633e-47,0.0,0.0
33,0.007692307692307693,0.003076923076923077,4.741021690174233e-06,1.060137302394298e-45,2.0,0.3333333333333333
34,0.006153846153846154,0.004923076923076923,7.111532535261349e-06,9.032185526651233e-34,3.5,0.3333333333333333
35,0.0,0.0,0.0,8.651483795945268e-82,0.0,0.0
36,0.003076923076923077,0.0,0.0,8.651483795945268e-82,0.0,1.0
37,0.004615384615384615,0.0,0.0,1.7968428854140633e-47,0.0,0.0
38,0.003076923076923077,0.0015384615384615385,0.0003295010074671092,1.7968428854140633e-47,1.0,0.0
39,0.006153846153846154,0.0020512820512820513,0.0006542609932440441,1.0421688735401568e-45,1.5,0.0
40,0.007692307692307693,0.0035164835164835165,0.0012990399431077398,1.0242004446860162e-45,2.833333333333333,0.2
41,0.0,0.0,0.0,8.651483795945268e-82,0.0,0.0
42,0.0,0.0,0.0,8.651483795945268e-82,0.0,0.0
43,0.003076923076923077,0.0,0.0,8.651483795945268e-82,0.0,0.0
44,0.0015384615384615385,0.0015384615384615385,0.0,9.949206365337061e-80,1.0,0.0
45,0.003076923076923077,0.0015384615384615385,2.3705108450871163e-06,9.949206365337061e-80,1.0,0.0
46,0.0,0.0,0.0,8.651483795945268e-82,0.0,0.0
47,0.0,0.0,0.0,8.651483795945268e-82,0.0,0.0
48,0.003076923076923077,0.0,0.0,8.651483795945268e-82,0.0,0.0
49,0.004615384615384615,0.0,0.0,1.7968428854140633e-47,0.0,0.0
50,0.0015384615384615385,0.0015384615384615385,0.0,1.7968428854140633e-47,1.0,0.0
51,0.0015384615384615385,0.0020512820512820513,0.0,5.671912776621719e-78,1.5,0.0
52,0.0,0.0,0.0,8.651483795945268e-82,0.0,0.0
53,0.0,0.0,0.0,8.651483795945268e-82,0.0,0.0
54,0.0,0.0,0.0,8.651483795945268e-82,0.0,0.0
55,0.0015384615384615385,0.0015384615384615385,0.0,9.949206365337061e-80,1.0,0.0
56,0.006153846153846154,0.003076923076923077,0.0,1.0601373023942977e-45,2.0,0.0
57,0.006153846153846154,0.0,0.0,1.7968428854140633e-47,0.0,0.0
58,0.0015384615384615385,0.0015384615384615385,0.0,1.7968428854140633e-47,1.0,0.0
59,0.00923076923076923,0.016343001261034048,0.006132277544750059,0.000204838959405945,14.346475746475738,0.5
60,0.026153846153846153,0.02416783216783217,0.008638684761566118,0.00621862630755877,23.453968253968245,0.23636363636363636
61,0.007692307692307693,0.02039740310840055,0.0,0.0038596532661585967,17.853607503607506,1.0
62,0.015384615384615385,0.020932768019382195,0.004011299435028249,0.005404686122968966,19.253607503607498,0.3333333333333333
63,0.010769230769230769,0.0183342175066313,0.001370550353601201,0.003277218515826777,16.293362193362185,0.6666666666666666
64,0.013846153846153847,0.01800312554262893,0.0012326656394453005,0.002894980063415811,15.404473304473298,0.3
65,0.004615384615384615,0.015888491353607634,0.0,0.0009667908528777391,12.911988011988006,0.0
66,0.00923076923076923,0.01621013133208255,0.0009699340207814785,0.0015242119444611533,14.075876900876892,0.6666666666666666
67,0.012307692307692308,0.01641025641025641,0.001361068310220853,0.0016642033767905646,14.933019758019745,0.16666666666666666
68,0.00923076923076923,0.014580227816059626,0.0006428035241594565,0.0005574210915834161,13.044910644910638,0.3333333333333333
69,0.007692307692307693,0.01333083176985616,0.000346094583382719,0.00018702032989260348,12.037634587634583,0.3333333333333333
70,0.006153846153846154,0.012227308250530311,0.00017541780253644662,6.285573374702888e-05,10.499626762126756,0.0
71,0.0015384615384615385,0.011327023761578736,0.0,1.5826836183838155e-05,9.613045696133925,0.0
72,0.004615384615384615,0.0,0.0,1.7968428854140633e-47,0.0,0.0
73,0.006153846153846154,0.0015384615384615385,2.3705108450871163e-06,1.0421688735401568e-45,1.0,0.0
74,0.0015384615384615385,0.0020512820512820513,0.0,1.0242004446860162e-45,1.5,0.0
75,0.00923076923076923,0.0024615384615384616,0.00013986013986013986,3.2428695511019766e-18,2.083333333333333,0.3333333333333333
76,0.00923076923076923,0.0035164835164835165,0.0004784481055667496,5.2470731547651115e-18,2.833333333333333,0.0
77,0.010769230769230769,0.0041025641025641026,0.0015428074750108646,5.2470731547651115e-18,3.0,0.0
78,0.010769230769230769,0.013540551129685255,0.010336126449673255,2.0332996440296168e-05,12.285314685314685,0.1
79,0.007692307692307693,0.01223218499292119,0.00913916662983208,6.766792746579648e-06,10.531855644355643,0.0
80,0.00923076923076923,0.011745779993202674,0.0007002884121528189,2.711126989239245e-06,12.047461280549516,0.3333333333333333
81,0.010769230769230769,0.010690864095689832,0.0009752676701829245,1.0201241378122715e-06,10.465155514420221,0.6666666666666666
82,0.003076923076923077,0.010084208534393036,0.0,3.414544894810425e-07,10.089046389626883,1.0
83,0.0015384615384615385,0.0,0.0,8.651483795945268e-82,0.0,0.0
84,0.004615384615384615,0.0,0.0,1.7968428854140633e-47,0.0,0.0
85,0.006153846153846154,0.0015384615384615385,0.0004503970605665521,1.0421688735401568e-45,1.0,0.0
86,0.00923076923076923,0.0020512820512820513,0.00089605309944293,2.9975831435920116e-44,1.5,0.16666666666666666
87,0.006153846153846154,0.002307692307692308,7.111532535261349e-06,5.700708659336793e-43,1.8333333333333333,0.0
88,0.0015384615384615385,0.0024615384615384616,0.0,5.411192349424452e-43,2.083333333333333,0.0
89,0.0015384615384615385,0.014666299711022429,0.0,0.00041742965925400347,12.35443445443445,0.0
90,0.004615384615384615,0.0,0.0,1.7968428854140633e-47,0.0,0.0
91,0.003076923076923077,0.018974358974358972,0.0,0.0004489171619232653,16.051695526695518,0.0
92,0.003076923076923077,0.018506685188400762,0.0001730472916913595,0.0004489171619232653,15.051695526695516,0.0
93,0.012307692307692308,0.021381728191379665,0.0,0.0035054700254088045,18.259523809523802,0.8
94,0.015384615384615385,0.025079825834542817,0.018026400379409536,0.005459716924888123,22.60833333333332,0.2857142857142857
95,0.003076923076923077,0.021631824639740206,0.0,0.0013565664388592515,18.207575757575757,1.0
96,0.003076923076923077,0.0,0.0,1.7968428854140633e-47,0.0,0.0
97,0.0,0.0,0.0,8.651483795945268e-82,0.0,0.0
98,0.004615384615384615,0.0,0.0,1.7968428854140633e-47,0.0,0.0
99,0.007692307692307693,0.0034965034965034965,0.0004361739954960294,8.064913670034772e-42,3.083333333333333,0.3333333333333333
100,0.015384615384615385,0.021555093555093555,0.0196781671829818,0.0018053978925018327,19.015909090909087,0.10714285714285714
101,0.010769230769230769,0.018504372657504906,0.01944882025871962,0.0004948401781308723,15.93502886002885,0.2
102,0.007692307692307693,0.013967398625892496,0.008337983349835239,6.118022275274855e-05,11.100069375069367,0.0
103,0.010769230769230769,0.01595076923076923,0.01340137264699403,0.00018432472953378232,13.413142413142404,0.0
104,0.00923076923076923,0.015865565696074172,0.005020720101947223,7.894783653359982e-05,14.662695637695634,0.3333333333333333
105,0.013846153846153847,0.01411158355881974,0.0066313340642561005,3.3024820325992757e-05,12.785314685314685,0.3333333333333333
106,0.007692307692307693,0.016452178999707516,0.0062162825228228346,7.898045473415779e-05,14.860314685314684,0.3333333333333333
107,0.010769230769230769,0.015382021014398756,0.006396441347049455,4.605525307890955e-05,14.766267066267066,0.6666666666666666
108,0.00923076923076923,0.013841484767129684,0.0,2.6353208491676343e-05,13.00963342213342,1.0
109,0.010769230769230769,0.01418181818181818,0.013619217867154794,3.5148396422181834e-05,14.00963342213342,0.4
110,0.004615384615384615,0.012992609555532424,9.36351783809411e-05,8.795187930505486e-06,11.697136605224841,0.6666666666666666
111,0.010769230769230769,0.013305613305613306,0.013802932457649048,1.4674935633263983e-05,12.697136605224841,0.3
112,0.003076923076923077,0.012309568480300188,0.0,5.8797477027584945e-06,11.496504720769426,1.0
113,0.0,0.0,0.0,8.651483795945268e-82,0.0,0.0
114,0.00923076923076923,0.002307692307692308,0.0005125044447078346,5.700708659336793e-43,1.8333333333333333,0.3333333333333333
115,0.007692307692307693,0.0035164835164835165,0.0008991004083119043,8.633942367094914e-42,2.833333333333333,0.3333333333333333
116,0.006153846153846154,0.016376559785184014,0.001323421849582498,0.00012314450678103375,14.513142413142404,0.5
117,0.006153846153846154,0.01626678876678877,0.0001730472916913595,0.00016399173309348937,13.246475746475737,0.0
118,0.0015384615384615385,0.01457545914293319,0.0,4.084722631245562e-05,11.683402708402701,0.0
119,0.0,0.0,0.0,8.651483795945268e-82,0.0,0.0
120,0.003076923076923077,0.0,0.0,8.651483795945268e-82,0.0,0.0
121,0.0015384615384615385,0.0015384615384615385,0.0,9.949206365337061e-80,1.0,0.0
122,0.0015384615384615385,0.0015384615384615385,0.0,9.949206365337061e-80,1.0,0.0
123,0.004615384615384615,0.0,0.0,1.7968428854140633e-47,0.0,0.0
124,0.006153846153846154,0.0015384615384615385,3.318715183121963e-05,1.0421688735401568e-45,1.0,0.0
125,0.006153846153846154,0.0020512820512820513,6.163328197226502e-05,2.9975831435920116e-44,1.5,0.0
126,0.004615384615384615,0.002307692307692308,8.533839042313619e-05,2.8951630991234105e-44,1.8333333333333333,0.0
127,0.004615384615384615,0.0024615384615384616,0.0,5.4113720337129945e-43,2.083333333333333,0.0
128,0.006153846153846154,0.0024615384615384616,9.482043380348466e-05,5.4113720337129945e-43,2.083333333333333,0.0
129,0.006153846153846154,0.002564102564102564,0.00010667298802892023,7.523794435092329e-42,2.283333333333333,0.0
130,0.010769230769230769,0.0034265734265734264,0.0001161550314092687,5.911642166668877e-33,3.45,0.16666666666666666
131,0.012307692307692308,0.005641025641025641,9.758602978941964e-05,2.991327362629906e-29,6.0928571428571425,0.1
132,0.006153846153846154,0.0037990580847723702,2.765595985934969e-06,1.33083270809218e-29,4.162301587301587,0.0
133,0.006153846153846154,0.0043438914027149325,6.321362253565643e-06,1.33083270809218e-29,4.662301587301587,0.16666666666666666
134,0.004615384615384615,0.0,0.0,8.651483795945268e-82,0.0,0.0
135,0.007692307692307693,0.004540337711069419,4.741021690174233e-05,2.398362302378615e-29,4.7178571428571425,0.0
136,0.00923076923076923,0.00590909090909091,2.3705108450871165e-05,7.047088943555663e-29,6.2178571428571425,0.16666666666666666
137,0.003076923076923077,0.005482517482517482,0.0,4.6487266411770494e-29,5.662301587301587,1.0
138,0.007692307692307693,0.0,0.0,1.7968428854140633e-47,0.0,0.3333333333333333
139,0.006153846153846154,0.0015384615384615385,4.741021690174233e-06,1.0421688735401568e-45,1.0,0.0
140,0.006153846153846154,0.0020512820512820513,4.741021690174233e-06,2.9975831435920116e-44,1.5,0.0
141,0.0015384615384615385,0.002307692307692308,0.0,2.8951630991234105e-44,1.8333333333333333,0.0
142,0.004615384615384615,0.0,0.0,1.7968428854140633e-47,0.0,0.0
143,0.007692307692307693,0.0,0.0,1.7968428854140633e-47,0.0,0.6666666666666666
144,0.013846153846153847,0.019247944672178073,0.00887804783282096,1.5025639967821273e-07,19.550377166399333,0.23809523809523808
145,0.004615384615384615,0.01832336622120512,0.0,3.774939586541836e-08,18.217388386228016,0.6666666666666666
146,0.010769230769230769,0.018212351029252435,0.0005714201053184104,5.043735690173161e-08,17.645959814799433,0.3
147,0.006153846153846154,0.01826895907144565,0.007218055282997901,5.043735690173161e-08,18.069036737876367,0.16666666666666666
148,0.0015384615384615385,0.01743288487213721,0.0,1.2687961036313252e-08,16.248691108387728,0.0
149,0.007692307692307693,0.024425329109877655,0.006831662015248703,1.753444714057804e-08,24.408021214575623,0.3333333333333333
150,0.007692307692307693,0.02365673112105604,0.007841499635255813,6.475848757377868e-09,23.460768800890992,0.3333333333333333
151,0.010769230769230769,0.023778538489829405,0.013570347059018493,3.930944090262068e-09,24.488810294490104,0.1
152,0.003076923076923077,0.02215690409658881,0.0009671684247955435,9.813234760460476e-10,20.825312997253413,0.0
153,0.007692307692307693,0.02074233113694134,0.0008012326656394453,3.269427314557194e-10,18.634025651290454,0.0
154,0.0015384615384615385,0.019646751082200976,0.0,8.177188669591954e-11,17.19504115006547,0.0
155,0.00923076923076923,0.022217816547713452,0.012584214547462252,1.417353065101707e-09,21.958646330586745,0.0
156,0.006153846153846154,0.020951910733682237,0.0009766504681758918,4.724832806523311e-10,19.300692317957118,0.0
157,0.006153846153846154,0.019837959212018797,0.0004906957449330331,1.5774182046683058e-10,17.63551734054167,0.0
158,0.004615384615384615,0.018850184083828946,0.0,5.27455728434923e-11,16.41224573693237,0.0
159,0.00923076923076923,0.0020512820512820513,0.0,2.900510703371301e-18,1.5,0.6666666666666666
160,0.007692307692307693,0.003461538461538462,7.111532535261349e-06,4.693124902787629e-18,2.5,0.3333333333333333
161,0.0015384615384615385,0.003076923076923077,0.0,1.7926141994163282e-18,2.3333333333333335,0.0
162,0.007692307692307693,0.0,0.0,1.7968428854140633e-47,0.0,0.3333333333333333
163,0.0015384615384615385,0.0015384615384615385,0.0,1.7968428854140633e-47,1.0,0.0
164,0.004615384615384615,0.0,0.0,1.7968428854140633e-47,0.0,0.0
165,0.007692307692307693,0.003076923076923077,2.3705108450871163e-06,2.0663693182261733e-45,2.0,0.3333333333333333
166,0.003076923076923077,0.003461538461538462,0.0,2.0484008893720327e-45,2.5,1.0
167,0.013846153846153847,0.003076923076923077,0.000651890482398957,4.693124902787629e-18,2.0,0.3
168,0.007692307692307693,0.003076923076923077,0.0,4.693124902787629e-18,2.0,1.0
169,0.003076923076923077,0.0,0.0,8.651483795945268e-82,0.0,1.0
170,0.00923076923076923,0.020350596837848962,0.00022553717468971706,1.3202579611029382e-09,19.675661574184037,0.5
171,0.013846153846153847,0.020525030525030526,0.002946037013833624,1.752820785731574e-09,22.18558220910469,0.19047619047619047
172,0.00923076923076923,0.024705329061462035,0.007621642454144946,3.2965184323703873e-09,25.288735641001118,0.16666666666666666
173,0.007692307692307693,0.026292739387493352,0.008388784694866447,8.518813607572363e-08,25.908827653479054,0.0
174,0.006153846153846154,0.02208123160992013,0.0026776553701234156,8.435834763963052e-08,19.20819519534625,0.16666666666666666
175,0.00923076923076923,0.02068923076923077,0.00245915934305311,2.0781734900623178e-08,17.856928171052232,0.2
176,0.006153846153846154,0.02445304317467706,0.004190055707004859,4.177255033135998e-08,22.994570303950137,0.0
177,0.006153846153846154,0.02450866040706829,0.0039194177374636,2.6111123252359065e-08,23.369570303950137,0.3333333333333333
178,0.016923076923076923,0.021659579951037237,0.0031693729998814747,4.790262157862801e-08,22.83262206945479,0.19047619047619047
179,0.00923076923076923,0.021465420369802837,0.0047663565248311016,4.2782313757005755e-08,20.92825699008971,0.3333333333333333
180,0.007692307692307693,0.02029948073904118,0.004384704278772075,1.4566788784900272e-08,19.753432124478486,0.3333333333333333
181,0.007692307692307693,0.019088823783243624,0.004221139030461065,5.339012179674758e-09,17.75480309068776,1.0
182,0.00923076923076923,0.018004412741254847,0.004055203271304967,1.7478190480525407e-09,15.652740201631794,0.3333333333333333
183,0.010769230769230769,0.02086280934296423,0.0041223183596064954,8.189295903343054e-10,20.087954257246274,0.5
184,0.012307692307692308,0.020903280360118383,0.014511439864518081,7.420337153727376e-10,20.606644698909516,0.4
185,0.007692307692307693,0.01963372188091289,0.008444775563419632,2.4653446976428096e-10,18.08154908657343,0.3333333333333333
186,0.007692307692307693,0.016702104405540208,0.0,7.695096936853103e-12,14.501877664466075,1.0
187,0.00923076923076923,0.01763126429065889,0.007885335003979073,2.3062799007480494e-11,16.332789137580786,0.3333333333333333
188,0.012307692307692308,0.02272542922806543,0.017070924137860776,2.2552023372165287e-06,24.01668362508214,0.2
189,0.006153846153846154,0.0032051282051282055,0.0,2.898756784894237e-44,2.583333333333333,1.0
190,0.00923076923076923,0.02142274557781516,0.0011141400971909448,7.527189311230024e-07,22.221480068455016,0.5
191,0.00923076923076923,0.021465420369802837,0.017867415781810045,1.004343782586954e-06,21.677890324865263,0.3333333333333333
192,0.006153846153846154,0.020179103044271583,0.0,3.358754953696957e-07,18.96549183974886,1.0
193,0.00923076923076923,0.020254964333911704,0.01753554426349785,4.4838249918249013e-07,19.88856876282579,0.3333333333333333
194,0.007692307692307693,0.019374841520481315,0.008996098506567102,2.0069375657994437e-07,19.510377166399334,0.3333333333333333
195,0.007692307692307693,0.02043421180589322,0.00886572041008731,6.831859774863997e-08,21.43926738931971,0.3333333333333333
196,0.007692307692307693,0.019288140260693958,0.01153728613250049,2.390675183305016e-08,19.79737859375905,0.6666666666666666
197,0.007692307692307693,0.018186735908254894,0.011371350373344392,8.059678157790448e-09,17.23452037313111,0.3333333333333333
198,0.010769230769230769,0.01737072706981358,0.009052032713049663,2.7221699029503695e-09,17.821247568837443,0.2
199,0.006153846153846154,0.01659492971094614,0.00601303780964798,9.211422328498166e-10,15.926633187299,0.0
200,0.007692307692307693,0.02032500665006166,0.014340149737140576,0.009139598504903127,20.90076750033586,0.0
201,0.013846153846153847,0.019639685951958127,0.014329482438337683,0.004350711173269891,20.44890770222484,0.4
202,0.010769230769230769,0.018674529132195035,0.0010205049188100035,0.0027897390247799627,18.932379758420744,0.4
203,0.003076923076923077,0.017807006607654906,0.0,0.0012030043098180767,17.30076947601452,1.0
204,0.012307692307692308,0.018498954550456696,0.00024297736162142943,0.0021039428886798586,17.932379758420748,0.6666666666666666
205,0.012307692307692308,0.018498954550456696,0.00015052743866303186,0.0021039428886798586,17.932379758420748,0.6666666666666666
206,0.007692307692307693,0.018659118659118658,0.011922228675151714,0.0021039428886798586,18.401129758420744,0.3333333333333333
207,0.006153846153846154,0.0177669266704716,0.011756292915995616,0.0006857961361001044,16.572549779044824,0.0
208,0.00923076923076923,0.021703204482660676,0.013634201684767951,0.00022844891185812605,22.06795315792585,0.3333333333333333
209,0.00923076923076923,0.02097788648729596,0.012890923967837859,7.94175796703306e-05,21.35290453987648,0.5
210,0.00923076923076923,0.020715746925295146,0.014033305000657042,0.00010045628711003625,20.40972070058197,0.5
211,0.00923076923076923,0.020060144633523472,0.011870351725395011,5.872892447600919e-05,19.84405362106464,0.5
212,0.00923076923076923,0.019814234187510313,0.014724864704534118,5.195972996628302e-05,19.190000808981644,0.5
213,0.010769230769230769,0.019219335955364493,0.01072602445010632,3.6140243121180126e-05,18.724915440272234,0.4
214,0.012307692307692308,0.019168054003512052,0.015918789275182872,2.8764036556541283e-05,19.200529452592907,0.26666666666666666
215,0.003076923076923077,0.01862126464522357,0.0,1.5976600871930795e-05,18.339701675442278,1.0
216,0.010769230769230769,0.018616137677467937,0.009051123228989419,2.1194352673844495e-05,18.309398645139247,0.3
217,0.012307692307692308,0.02991848503185847,0.025622479033562903,1.2319949345667755e-05,28.903992859565605,0.07142857142857142
218,0.004615384615384615,0.023085627244043085,0.0,2.184845589339944e-08,22.26836145012417,0.3333333333333333
219,0.004615384615384615,0.0,0.0,1.7968428854140633e-47,0.0,0.0
220,0.006153846153846154,0.0015384615384615385,0.00032238947493184783,1.0421688735401568e-45,1.0,0.0
221,0.00923076923076923,0.02777227068464182,0.01760118964925681,3.0330467351625857e-06,25.258238272959304,0.0
222,0.0015384615384615385,0.027581814045692373,0.0,3.0330467351625857e-06,23.973256587977616,0.0
223,0.003076923076923077,0.027465525129076532,0.0075258526176828116,3.0330467351625857e-06,23.89633351105454,0.0
224,0.006153846153846154,0.0015384615384615385,0.00032238947493184783,9.949206365337061e-80,1.0,0.0
225,0.0015384615384615385,0.0,0.0,8.651483795945268e-82,0.0,0.0
226,0.0015384615384615385,0.025764070183959688,0.0,7.467782216933263e-07,21.92984506874501,0.0
227,0.006153846153846154,0.025646111128062733,0.008466945423182394,7.467782216933263e-07,21.85292199182193,0.16666666666666666
228,0.007692307692307693,0.026049091923386846,0.015666852799665728,1.4935564433866526e-06,24.14339818229812,0.0
229,0.004615384615384615,0.026274028880645065,0.0,7.467782216933263e-07,24.291749830649767,0.0
230,0.007692307692307693,0.024079644750035812,0.0013579076290940687,1.8388626319158941e-07,21.07077726647355,0.0
231,0.007692307692307693,0.02395474107219198,0.0003200189640867607,2.4397040322880844e-07,20.63327726647355,0.3333333333333333
232,0.00923076923076923,0.024527255748803548,0.020388391087610543,6.117429296119873e-07,23.122425618121905,0.06666666666666667
233,0.00923076923076923,0.024296823056687768,0.0020579984986764705,5.462903890539274e-07,21.766015361711645,0.3333333333333333
234,0.007692307692307693,0.022566787488253456,0.0,1.7851786267074854e-07,18.849020305908194,1.0
235,0.007692307692307693,0.022902531404125456,0.0031504089131207777,2.238029218755051e-07,21.394258401146303,0.1
236,0.003076923076923077,0.023101965267570364,0.0,1.9593931765148872e-07,21.2317584011463,0.0
237,0.003076923076923077,0.023101965267570364,0.0,1.9593931765148872e-07,21.2317584011463,0.0
238,0.006153846153846154,0.023281903548378162,0.021014205950713544,2.0578164378614654e-07,22.200073419461322,0.0
239,0.006153846153846154,0.021553698859740456,0.0014649757022638379,7.314866342877299e-08,18.73537631539081,0.0
240,0.007692307692307693,0.02110100004739561,0.0010122081308521988,2.3913994471378384e-08,19.277446994271966,0.0
241,0.006153846153846154,0.019995551007696753,0.0005167713642289913,7.820093988679777e-09,17.358841622960714,0.0
242,0.006153846153846154,0.01901347358715923,1.6593575915609814e-05,2.5579714293665157e-09,16.14326009721748,0.0
243,0.003076923076923077,0.023368286771271844,0.0,5.131752963991076e-08,22.268814690740964,0.0
244,0.013846153846153847,0.022789512214961633,0.020428689771977027,8.292480749825323e-08,22.89843188726993,0.26666666666666666
245,0.013846153846153847,0.023332315465119508,0.01209544269290032,4.813388631936058e-08,25.88846110486039,0.2
246,0.013846153846153847,0.02994620016389354,0.008053584568811617,6.9431967224544396e-06,29.40957502250074,0.38095238095238093
247,0.007692307692307693,0.028992756122800965,0.0032681835291732846,6.927300707816128e-06,26.573937049362772,0.7
248,0.006153846153846154,0.02753570960555628,0.0,3.4151782536462774e-06,25.467656366046143,1.0
249,0.007692307692307693,0.027618046199848846,0.010642853791951953,4.2561480186734404e-06,26.342656366046143,0.7
250,0.007692307692307693,0.027947839831401478,0.0,5.6467022330604905e-06,28.199799223189,0.7
251,0.010769230769230769,0.025464295452479774,0.010474547521950768,1.3905542143870494e-06,22.460297536813584,0.1
252,0.004615384615384615,0.02362215789325764,0.0037683723411993096,3.4247686899193943e-07,20.07538694987582,0.0
253,0.004615384615384615,0.0,0.0,8.651483795945268e-82,0.0,0.3333333333333333
254,0.0,0.0,0.0,8.651483795945268e-82,0.0,0.0
255,0.004615384615384615,0.019947028335274106,0.0029631385563588953,1.0097701722178929e-08,16.28154325322752,0.0
256,0.007692307692307693,0.02106329113924051,0.003441981747066493,4.097713834498103e-08,17.30415039327444,0.0
257,0.00923076923076923,0.02253979004402303,0.003925565959464265,1.2533548598461157e-07,19.569306306457356,0.3333333333333333
258,0.00923076923076923,0.028912556417832906,0.0009031646319781914,0.00033181298041983344,25.646866033862924,0.3333333333333333
259,0.00923076923076923,0.028385348592559534,0.0011971079767689938,0.0010174938787356753,24.962037357655888,0.0
260,0.006153846153846154,0.026340805860805856,0.0005025482991584686,0.0003316600684243394,21.938845502435814,0.0
261,0.0015384615384615385,0.02459424296633599,0.0,8.153141128532412e-05,19.986644501906326,0.0
262,0.004615384615384615,0.0,0.0,1.7968428854140633e-47,0.0,0.0
263,0.006153846153846154,0.0015384615384615385,2.3705108450871163e-06,1.0421688735401568e-45,1.0,0.0
264,0.006153846153846154,0.004273504273504274,0.0,1.1823284351023102e-33,3.3333333333333335,0.0
265,0.010769230769230769,0.0020512820512820513,1.1852554225435583e-05,7.307191587408243e-34,1.5,0.0
266,0.003076923076923077,0.0041025641025641026,0.0,4.5160927633257035e-34,3.0,0.0
267,0.003076923076923077,0.0015384615384615385,2.3705108450871163e-06,1.7968428854140633e-47,1.0,0.0
268,0.006153846153846154,0.0,0.0,1.7968428854140633e-47,0.0,0.0
269,0.004615384615384615,0.003076923076923077,7.111532535261349e-06,4.5160927633257035e-34,2.0,0.0
270,0.0015384615384615385,0.002307692307692308,0.0,4.516092763325524e-34,1.8333333333333333,0.0
271,0.0,0.0,0.0,8.651483795945268e-82,0.0,0.0
272,0.0,0.0,0.0,8.651483795945268e-82,0.0,0.0
273,0.0,0.0,0.0,8.651483795945268e-82,0.0,0.0
274,0.0,0.0,0.0,8.651483795945268e-82,0.0,0.0
275,0.004615384615384615,0.0,0.0,1.7968428854140633e-47,0.0,0.0
276,0.0015384615384615385,0.0015384615384615385,0.0,1.7968428854140633e-47,1.0,0.0
277,0.003076923076923077,0.01854671432984686,0.008048900252290084,6.15282380957895e-11,16.552386152072792,0.0
278,0.016923076923076923,0.023240059724603218,0.013047077955240911,1.6345318889420366e-08,25.55142828009504,0.21428571428571427
279,0.010769230769230769,0.02345048629531388,0.00042906246296076805,2.161487191400083e-08,26.051428280095035,0.4
280,0.003076923076923077,0.028055571804621236,0.0,0.035345537228018614,29.18284030924731,0.0
281,0.004615384615384615,0.020843546284224253,0.0,0.1407027792291672,22.704179653375082,0.6666666666666666
282,0.006153846153846154,0.007229612492770388,0.0,0.10535724733222987,6.911544011544012,1.0
283,0.0015384615384615385,0.007229612492770388,0.0,0.07945751283126729,6.911544011544012,0.0
284,0.02923076923076923,0.008205128205128205,0.0019047054640274979,0.3232243493251457,9.160714285714285,0.1282051282051282
285,0.013846153846153847,0.008205128205128205,5.215123859191656e-05,0.3232243493251457,9.160714285714285,0.6
286,0.010769230769230769,0.006816568047337279,0.0,0.21071449466445974,6.911544011544012,1.0
287,0.004615384615384615,0.007339988256018792,0.0,0.21071449466445974,7.911544011544011,1.0
288,0.0015384615384615385,0.007229612492770388,0.0,0.07945751283126729,6.911544011544012,0.0
289,0.0015384615384615385,0.007229612492770388,0.0,0.07945751283126729,6.911544011544012,0.0
290,0.006153846153846154,0.02193018268261802,0.0016678025364466043,1.574721444716131e-08,21.779655230577767,0.0
291,0.010769230769230769,0.02198876775685497,0.006810477657935285,1.5697876762842335e-08,22.286317032827796,0.2
292,0.007692307692307693,0.021889751941869203,0.0004954367666232073,1.5681497474259745e-08,21.96889279040355,0.3333333333333333
293,0.006153846153846154,0.020684803001876174,3.5557662676306744e-05,5.131610605811123e-09,19.35400234344739,0.0
294,0.013846153846153847,0.021529445261709294,0.003548654735095413,7.747932868745425e-09,22.584253731206527,0.2
295,0.00923076923076923,0.021711982932321915,0.002259096835368022,8.604985285331785e-09,22.91758706453986,0.3333333333333333
296,0.007692307692307693,0.02401420593458064,0.0018229228398719925,0.03842445896120216,24.805390712222728,0.0
297,0.00923076923076923,0.02275791424808546,0.0014412705938129668,0.11788196966994154,23.92317366087896,0.3333333333333333
298,0.010769230769230769,0.02165111039588027,0.0010548773260637668,0.14378170347565963,22.669199346381205,0.2
299,0.0015384615384615385,0.020514547181213847,0.0,0.03534553189693735,19.81496608916149,0.0
300,0.004615384615384615,0.0,0.0,1.7968428854140633e-47,0.0,0.0
301,0.0015384615384615385,0.0015384615384615385,0.0,1.7968428854140633e-47,1.0,0.0
302,0.004615384615384615,0.0,0.0,1.7968428854140633e-47,0.0,0.0
303,0.003076923076923077,0.003461538461538462,0.0,1.5994655854790577e-27,3.2833333333333337,0.0
304,0.006153846153846154,0.0024615384615384616,9.482043380348465e-06,3.1989311709581154e-27,2.0833333333333335,0.0
305,0.006153846153846154,0.0024615384615384616,0.00018015882422662085,3.1989311709581154e-27,2.0833333333333335,0.0
306,0.006153846153846154,0.002564102564102564,0.00021334597605784047,3.1989311709581154e-27,2.283333333333333,0.0
307,0.006153846153846154,0.0026373626373626374,0.00024179210619888587,3.1989311709581143e-27,2.4499999999999997,0.0
308,0.00923076923076923,0.002692307692307692,0.000265497214649757,1.5994655854790572e-27,2.5928571428571425,0.06666666666666667
309,0.007692307692307693,0.006764533176746918,0.0,0.07451473642534938,6.411544011544012,1.0
310,0.006153846153846154,0.006816568047337279,1.896408676069693e-05,0.07451473642534938,6.911544011544012,0.6666666666666666
311,0.023076923076923078,0.008205128205128205,0.004812829599650954,0.22860294669876446,9.160714285714285,0.2222222222222222
312,0.007692307692307693,0.012741061755146261,0.0008984236102880171,0.0765242538810977,12.407178932178928,0.3
313,0.00923076923076923,0.012622540250447227,0.0008992137805697129,0.019577805820369144,12.490187590187587,0.3333333333333333
314,0.00923076923076923,0.010240928882438317,6.637430366243927e-05,0.0031160690765677087,10.427666777666774,0.5
315,0.004615384615384615,0.010775058275058275,0.0,0.005500572597855847,11.677666777666774,0.0
316,0.013846153846153847,0.010942928039702232,0.000171862036268816,0.008174484548095632,10.61981629481629,0.2
317,0.02,0.010559712660879976,0.00017502271739559895,0.01357475885100828,13.011000111000106,0.21428571428571427
318,0.010769230769230769,0.010126291618828933,4.4644620915807344e-05,0.0081977867628143,10.95544455544455,0.6666666666666666
319,0.004615384615384615,0.010535612535612537,0.0,0.0081977867628143,11.45544455544455,1.0
320,0.016923076923076923,0.011214240305149396,0.0003820473311998736,0.014201170627416222,12.119816294816289,0.16666666666666666
321,0.006153846153846154,0.009762036524626453,3.476749239461104e-05,0.005500572597855847,9.888777888777883,0.3333333333333333
322,0.007692307692307693,0.0136105999263894,0.0,0.02742842709506845,14.906854256854253,0.2
323,0.004615384615384615,0.010574778381469831,0.0,0.007594147011652596,11.622111222111217,0.3333333333333333
324,0.016923076923076923,0.011307692307692307,0.00033029117774880496,0.01267576409498756,12.786482961482957,0.35714285714285715
325,0.012307692307692308,0.009137529137529138,7.901702816957054e-07,0.007096974460804126,9.57418137418137,0.8333333333333334
326,0.0,0.0,0.0,8.651483795945268e-82,0.0,0.0
327,0.006153846153846154,0.0020512820512820513,0.0,1.599465585479059e-27,1.5,1.0
328,0.007692307692307693,0.003076923076923077,2.3705108450871163e-06,3.198931170958118e-27,2.0,1.0
329,0.004615384615384615,0.0020512820512820513,2.3705108450871163e-06,1.599465585479059e-27,1.5,1.0
330,0.0015384615384615385,0.0,0.0,8.651483795945268e-82,0.0,0.0
331,0.010769230769230769,0.005418060200668897,0.0029441744695981984,6.397862341916231e-27,4.416666666666666,0.3333333333333333
332,0.007692307692307693,0.005418060200668897,0.0,6.397862341916231e-27,4.416666666666666,1.0
333,0.004615384615384615,0.003967611336032388,2.8446130141045396e-05,1.0301899209707291e-45,3.0833333333333335,0.3333333333333333
334,0.006153846153846154,0.0015384615384615385,0.0,3.593685770828121e-47,1.0,1.0
335,0.010769230769230769,0.008376068376068376,0.0020481213701552684,1.0661267786790103e-45,6.0,0.09523809523809523
336,0.007692307692307693,0.004688644688644689,1.896408676069693e-05,3.0317231584148774e-44,4.083333333333333,0.0
337,0.0015384615384615385,0.004153846153846154,0.0,2.9287041663178037e-44,3.516666666666667,0.0
338,0.006153846153846154,0.005384615384615384,0.0023562877800165937,1.0481583498248696e-45,3.8333333333333335,0.3333333333333333
339,0.0015384615384615385,0.005791855203619909,0.0,1.0481583498248696e-45,4.166666666666667,0.0
340,0.0,0.0,0.0,8.651483795945268e-82,0.0,0.0
341,0.004615384615384615,0.0,0.0,1.7968428854140633e-47,0.0,0.0
342,0.0015384615384615385,0.0015384615384615385,0.0,1.7968428854140633e-47,1.0,0.0
343,0.006153846153846154,0.02038639601139601,0.0,2.536898980413719e-09,19.538556768741312,1.0
344,0.00923076923076923,0.021112863457651215,0.0005167713642289913,3.367880154236126e-09,22.371890102074644,0.16666666666666666
345,0.0015384615384615385,0.020039694146158027,0.0,8.309811738224074e-10,19.361122887193453,0.0
346,0.012307692307692308,0.020219716552277386,0.0015337205167713643,2.8420311538903606e-09,19.705223435407976,0.3333333333333333
347,0.003076923076923077,0.01922384300556197,0.0,9.310309066150741e-10,18.194456220526785,1.0
348,0.0,0.0,0.0,8.651483795945268e-82,0.0,0.0
349,0.00923076923076923,0.019049798454820285,0.0005049188100035558,9.310309066150741e-10,17.194456220526764,0.3333333333333333
350,0.0015384615384615385,0.01816796921490062,0.0,2.2979424369404555e-10,16.070804128023237,0.0
351,0.0,0.0,0.0,8.651483795945268e-82,0.0,0.0
352,0.0,0.0,0.0,8.651483795945268e-82,0.0,0.0
353,0.004615384615384615,0.0,0.0,1.7968428854140633e-47,0.0,0.0
354,0.003076923076923077,0.008813559322033898,0.0,0.05631290783874221,8.494047619047617,0.0
355,0.006153846153846154,0.00821827744904668,0.00035557662676306747,0.07466849575020611,7.494047619047619,0.0
356,0.007692307692307693,0.008261327713382506,0.0003081664098613251,0.02762243720469651,7.91154401154401,0.0
357,0.00923076923076923,0.007053531264057579,0.00025838568211449567,0.010074077905963125,6.822330447330448,0.0
358,0.007692307692307693,0.006091686091686091,0.00019912291098731776,0.0032837164644270752,5.45751470751471,0.0
359,0.006153846153846154,0.005699762792273804,0.00013748962901505274,0.001070350449877583,5.2145715395715415,0.0
360,0.006153846153846154,0.005387608500448967,7.111532535261349e-05,0.00034888824841124985,5.045213120213121,0.0
361,0.0015384615384615385,0.005133547008547009,0.0,8.576641126417326e-05,4.923561161061161,0.0
362,0.0015384615384615385,0.021849449078364738,0.0,4.031314601251892e-09,21.432125613315247,0.0
363,0.006153846153846154,0.02167410196240233,0.008146260519141876,4.031314601251892e-09,21.232125613315247,0.3333333333333333
364,0.004615384615384615,0.0,0.0,1.7968428854140633e-47,0.0,0.0
365,0.003076923076923077,0.0015384615384615385,0.00032238947493184783,1.7968428854140633e-47,1.0,0.0
366,0.006153846153846154,0.021660966770455817,0.006337412587412588,3.223787168104901e-08,21.42825699008971,0.3333333333333333
367,0.007692307692307693,0.021660966770455817,0.0004825682791784487,4.2782313757005755e-08,21.42825699008971,0.3333333333333333
368,0.004615384615384615,0.026066246920339448,0.00023908295094735775,2.3232403112270004e-08,24.51212814085007,0.3333333333333333
369,0.003076923076923077,0.025298365640440898,0.0,1.8482186311731537e-08,23.232400922539593,1.0
370,0.006153846153846154,0.0015384615384615385,2.1334597605784048e-05,1.0421688735401568e-45,1.0,0.0
371,0.007692307692307693,0.0020512820512820513,3.792817352139386e-05,2.9975831435920116e-44,1.5,0.0
372,0.007692307692307693,0.002307692307692308,3.5557662676306744e-05,5.700708659336793e-43,1.8333333333333333,0.0
373,0.0015384615384615385,0.0024615384615384616,0.0,5.411192349424452e-43,2.083333333333333,0.0
374,0.0,0.0,0.0,8.651483795945268e-82,0.0,0.0
375,0.0015384615384615385,0.011396011396011397,0.0,0.08602126530343664,10.148520923520918,0.0
376,0.006153846153846154,0.011396011396011397,0.007943089170588492,0.11406051840658728,10.148520923520918,0.0
377,0.003076923076923077,0.010062855432505237,0.008170658211716855,0.028039253103150637,8.6277528027528,0.0
378,0.00923076923076923,0.002307692307692308,0.00015645371577574968,3.1989311709581154e-27,1.8333333333333333,0.0
379,0.00923076923076923,0.003461538461538462,0.00011141400971909447,3.1989311709581154e-27,2.5,0.3333333333333333
380,0.004615384615384615,0.005494505494505495,0.0,1.5994655854790577e-27,4.0,0.3333333333333333
381,0.004615384615384615,0.0,0.0,1.7968428854140633e-47,0.0,0.0
382,0.006153846153846154,0.009873417721518986,0.0,0.06767861589197884,9.000371850371847,1.0
383,0.015384615384615385,0.013526011560693642,0.0015633519023349532,0.35023515557023893,14.34487734487734,0.42857142857142855
384,0.013846153846153847,0.013295454545454544,0.007917013551292535,0.3499248274733665,13.511544011544006,0.3333333333333333
385,0.00923076923076923,0.011641791044776119,0.00011378452056418158,0.20763033594931068,11.955663780663778,0.5333333333333333
386,0.006153846153846154,0.0,0.0,1.7968428854140633e-47,0.0,1.0
387,0.016923076923076923,0.01225130890052356,0.0019284105724783692,0.24734597815130707,12.805663780663778,0.5333333333333333
388,0.013846153846153847,0.0121875,0.001558610880644779,0.24734597815130707,12.305663780663778,0.7
389,0.012307692307692308,0.010934579439252336,0.0027853502429773616,0.1612484334810187,11.390848040848036,0.3333333333333333
390,0.007692307692307693,0.009965742759265027,0.00037928173521393864,0.05256010386695754,10.143142968142964,0.3333333333333333
391,0.007692307692307693,0.009775310600052869,0.0002915728339457153,0.017822983721827366,9.892832167832164,0.3333333333333333
392,0.007692307692307693,0.008594004183128051,0.00019912291098731776,0.006500165398517715,8.493402430902428,1.0
393,0.00923076923076923,0.007626314704062694,0.00010430247718383312,0.0021187777101194143,6.925338958427191,0.3333333333333333
394,0.0015384615384615385,0.007142593617413761,0.0,0.0005208550016161319,6.53181385607856,0.0
395,0.012307692307692308,0.0042603550295857995,2.1334597605784048e-05,5.538626573680866e-11,3.1666666666666665,0.4
396,0.007692307692307693,0.005384615384615384,4.978072774682944e-05,8.060972729244117e-11,4.166666666666667,0.3333333333333333
397,0.006153846153846154,0.0044755244755244755,3.792817352139386e-05,3.6710479219393334e-11,3.5000000000000004,0.0
398,0.006153846153846154,0.004019851116625311,2.1334597605784048e-05,1.6718320850142372e-11,3.316666666666667,0.0
399,0.0015384615384615385,0.00375234521575985,0.0,5.231303186381554e-12,3.2666666666666666,0.0
400,0.004615384615384615,0.0,0.0,1.7968428854140633e-47,0.0,0.0
401,0.0015384615384615385,0.0015384615384615385,0.0,1.7968428854140633e-47,1.0,0.0
402,0.003076923076923077,0.0,0.0,8.651483795945268e-82,0.0,0.0
403,0.0015384615384615385,0.0015384615384615385,0.0,9.949206365337061e-80,1.0,0.0
404,0.0015384615384615385,0.0015384615384615385,0.0,9.949206365337061e-80,1.0,0.0
405,0.0,0.0,0.0,8.651483795945268e-82,0.0,0.0
406,0.004615384615384615,0.0,0.0,1.7968428854140633e-47,0.0,0.0
407,0.004615384615384615,0.0015384615384615385,5.926277112717791e-05,1.7968428854140633e-47,1.0,0.3333333333333333
408,0.0,0.0,0.0,8.651483795945268e-82,0.0,0.0
409,0.006153846153846154,0.004662004662004662,0.0,6.397862341916231e-27,3.7833333333333337,1.0
410,0.007692307692307693,0.0054751131221719455,0.003546284224250326,1.2795724683832462e-26,4.783333333333334,0.3333333333333333
411,0.004615384615384615,0.0,0.0,1.7968428854140633e-47,0.0,0.0
412,0.006153846153846154,0.0015384615384615385,2.3705108450871163e-06,1.0421688735401568e-45,1.0,0.0
413,0.0015384615384615385,0.0020512820512820513,0.0,1.0242004446860162e-45,1.5,0.0
414,0.0,0.0,0.0,8.651483795945268e-82,0.0,0.0
415,0.0,0.0,0.0,8.651483795945268e-82,0.0,0.0
416,0.007692307692307693,0.0,0.0,1.7968428854140633e-47,0.0,0.0
417,0.004615384615384615,0.0015384615384615385,0.000346094583382719,1.7968428854140633e-47,1.0,0.0
418,0.0015384615384615385,0.0015384615384615385,0.0,1.7968428854140633e-47,1.0,0.0
419,0.0015384615384615385,0.0015384615384615385,0.0,1.7968428854140633e-47,1.0,0.0
420,0.0015384615384615385,0.0015384615384615385,0.0,1.7968428854140633e-47,1.0,0.0
421,0.004615384615384615,0.0,0.0,1.7968428854140633e-47,0.0,0.0
422,0.0,0.0,0.0,8.651483795945268e-82,0.0,0.0
423,0.0015384615384615385,0.0,0.0,8.651483795945268e-82,0.0,0.0
424,0.003076923076923077,0.0,0.0,8.651483795945268e-82,0.0,1.0
425,0.0,0.0,0.0,8.651483795945268e-82,0.0,0.0
426,0.0015384615384615385,0.0,0.0,8.651483795945268e-82,0.0,0.0
427,0.0015384615384615385,0.002307692307692308,0.0,5.3905286562421965e-47,1.8333333333333333,0.0
428,0.006153846153846154,0.0020512820512820513,4.741021690174233e-06,5.3905286562421965e-47,1.5,0.0
429,0.0015384615384615385,0.0020512820512820513,0.0,5.671912776621719e-78,1.5,0.0
430,0.004615384615384615,0.0015384615384615385,7.111532535261349e-06,9.949206365337061e-80,1.0,0.0
431,0.0015384615384615385,0.0015384615384615385,0.0,9.949206365337061e-80,1.0,0.0
432,0.003076923076923077,0.0,0.0,8.651483795945268e-82,0.0,0.0
433,0.0,0.0,0.0,8.651483795945268e-82,0.0,0.0
434,0.006153846153846154,0.0,0.0,1.7968428854140633e-47,0.0,0.0
435,0.006153846153846154,0.018120065120065122,0.0010027260874718503,6.134714520141817e-10,15.620964896755284,0.16666666666666666
436,0.004615384615384615,0.018450558165070456,0.0,7.647210077805958e-10,17.120964896755314,0.3333333333333333
437,0.007692307692307693,0.017480205744668555,0.0005049188100035558,2.0075871109436014e-10,15.508787857019522,0.0
438,0.0015384615384615385,0.016747179609076446,0.0,4.9509155327946005e-11,14.30855821146242,0.0
439,0.0,0.0,0.0,8.651483795945268e-82,0.0,0.0
440,0.0,0.0,0.0,8.651483795945268e-82,0.0,0.0
441,0.003076923076923077,0.0,0.0,8.651483795945268e-82,0.0,0.0
442,0.0015384615384615385,0.018956734799148882,0.0,2.488696950278333e-09,15.431955965655726,0.0
443,0.004615384615384615,0.018956734799148882,0.0019817470664928293,2.488696950278333e-09,15.431955965655726,0.3333333333333333
444,0.006153846153846154,0.0,0.0,1.7968428854140633e-47,0.0,1.0
445,0.006153846153846154,0.0015384615384615385,0.0,1.0421688735401568e-45,1.0,1.0
446,0.004615384615384615,0.024230069166363305,0.0,3.4247686899193943e-07,22.20038694987582,0.3333333333333333
447,0.004615384615384615,0.023783662603334733,0.005561218442574375,3.4247686899193943e-07,20.20038694987582,0.3333333333333333
448,0.0,0.0,0.0,8.651483795945268e-82,0.0,0.0
449,0.004615384615384615,0.002692307692307692,0.0,3.653595785578216e-33,2.5928571428571425,1.0
450,0.0015384615384615385,0.003282051282051282,0.0,3.653595785578216e-33,3.0928571428571425,0.0
451,0.004615384615384615,0.0,0.0,1.7968428854140633e-47,0.0,0.0
452,0.003076923076923077,0.0015384615384615385,2.3705108450871163e-06,1.7968428854140633e-47,1.0,0.0
453,0.0015384615384615385,0.0020512820512820513,0.0,1.7968428854140633e-47,1.5,0.0
454,0.0,0.0,0.0,8.651483795945268e-82,0.0,0.0
455,0.004615384615384615,0.0,0.0,1.7968428854140633e-47,0.0,0.0
456,0.006153846153846154,0.0015384615384615385,4.741021690174233e-06,1.0421688735401568e-45,1.0,0.0
457,0.006153846153846154,0.0020512820512820513,4.741021690174233e-06,2.9975831435920116e-44,1.5,0.0
458,0.0015384615384615385,0.002307692307692308,0.0,2.8951630991234105e-44,1.8333333333333333,0.0
459,0.006153846153846154,0.00998110661268556,0.000101931966338746,0.004628996198378716,9.38877788877788,0.0
460,0.0015384615384615385,0.009053074584989478,0.0,0.0011379410562711704,8.165090465090461,0.0
461,0.016923076923076923,0.006923076923076924,0.0016735806566315042,1.2161845532194082e-10,5.0,0.3333333333333333
462,0.006153846153846154,0.005538461538461539,0.0,8.720989383626479e-11,4.333333333333334,0.6666666666666666
463,0.003076923076923077,0.003461538461538462,0.0,1.7330828318698957e-11,2.75,1.0
464,0.004615384615384615,0.003956043956043956,0.00041483939789024535,2.2753790242860705e-11,3.4166666666666665,0.6666666666666666
465,0.007692307692307693,0.0,0.0,1.7968428854140633e-47,0.0,0.0
466,0.0015384615384615385,0.0015384615384615385,0.0,1.7968428854140633e-47,1.0,0.0
467,0.0015384615384615385,0.0015384615384615385,0.0,1.7968428854140633e-47,1.0,0.0
468,0.015384615384615385,0.005494505494505495,8.533839042313619e-05,4.664870834608051e-13,4.0,0.3333333333333333
469,0.003076923076923077,0.005034965034965035,0.0,3.1099138897387e-13,3.833333333333333,1.0
470,0.0015384615384615385,0.004188034188034188,0.0,3.182362809945612e-11,3.25,0.0
471,0.015384615384615385,0.005034965034965035,0.002282801943818893,1.0170269361702195e-10,3.8333333333333335,0.2
472,0.010769230769230769,0.005034965034965035,9.956145549365888e-05,1.0170269361702195e-10,3.8333333333333335,0.16666666666666666
473,0.007692307692307693,0.007222222222222222,8.296787957804907e-05,4.63164278802133e-11,5.866666666666666,0.3333333333333333
474,0.007692307692307693,0.006853146853146853,0.00011852554225435582,2.109296632458082e-11,5.7333333333333325,0.3333333333333333
475,0.00923076923076923,0.005867014341590613,9.244992295839754e-05,9.605948660820003e-12,4.800000000000001,0.0
476,0.003076923076923077,0.005967365967365967,0.0,3.0057821169963936e-12,5.576190476190477,0.0
477,0.007692307692307693,0.004273504273504274,9.719094464857176e-05,4.318557080793456e-26,3.3333333333333335,0.3333333333333333
478,0.012307692307692308,0.0032051282051282055,0.00011141400971909447,4.21192604176152e-26,2.5833333333333335,0.13333333333333333
479,0.00923076923076923,0.002564102564102564,2.607561929595828e-05,4.1052950027295825e-26,2.283333333333333,0.16666666666666666
480,0.0015384615384615385,0.0026373626373626374,0.0,2.025989741606807e-26,2.4499999999999997,0.0
481,0.007692307692307693,0.0020512820512820513,5.689226028209079e-05,3.1989311709581154e-27,1.5,0.0
482,0.00923076923076923,0.003076923076923077,3.318715183121963e-05,3.1989311709581154e-27,2.0,0.3333333333333333
483,0.003076923076923077,0.003461538461538462,0.0,1.5994655854790577e-27,2.5,1.0
484,0.007692307692307693,0.0,0.0,1.7968428854140633e-47,0.0,0.3333333333333333
485,0.007692307692307693,0.003076923076923077,2.1334597605784048e-05,3.1989311709581154e-27,2.0,0.0
486,0.007692307692307693,0.0020512820512820513,3.792817352139386e-05,3.1989311709581154e-27,1.5,0.0
487,0.006153846153846154,0.002307692307692308,4.978072774682944e-05,3.1989311709581154e-27,1.8333333333333333,0.0
488,0.006153846153846154,0.0024615384615384616,5.689226028209079e-05,3.1989311709581154e-27,2.083333333333333,0.0
489,0.006153846153846154,0.002564102564102564,5.926277112717791e-05,3.1989311709581143e-27,2.283333333333333,0.0
490,0.006153846153846154,0.0026373626373626374,5.689226028209079e-05,3.1989311709581075e-27,2.45,0.0
491,0.013846153846153847,0.008050089445438283,7.230058077515705e-05,9.413968503729854e-12,7.759523809523809,0.3
492,0.010769230769230769,0.006923076923076923,7.111532535261349e-06,9.41396850372985e-12,6.884523809523809,0.6666666666666666
493,0.010769230769230769,0.006181318681318682,1.1852554225435582e-06,9.258472809242919e-12,5.717857142857142,0.6666666666666666
494,0.004615384615384615,0.0075358539765319425,0.0,6.155037906774508e-12,7.217857142857142,0.3333333333333333
495,0.004615384615384615,0.0,0.0,1.7968428854140633e-47,0.0,0.0
496,0.0,0.0,0.0,8.651483795945268e-82,0.0,0.0
497,0.0,0.0,0.0,8.651483795945268e-82,0.0,0.0
498,0.0,0.0,0.0,8.651483795945268e-82,0.0,0.0
499,0.004615384615384615,0.0,0.0,1.7968428854140633e-47,0.0,0.0
500,0.013846153846153847,0.005494505494505495,7.585634704278772e-05,4.664870834608051e-13,4.0,0.26666666666666666
501,0.004615384615384615,0.006153846153846154,0.0,4.664870834608051e-13,4.5,1.0
502,0.0,0.0,0.0,8.651483795945268e-82,0.0,0.0
503,0.015384615384615385,0.004273504273504274,5.215123859191656e-05,4.664870834608051e-13,3.333333333333333,0.4
504,0.00923076923076923,0.004273504273504274,3.318715183121963e-05,4.664870834608051e-13,3.333333333333333,0.6666666666666666
505,0.007692307692307693,0.003956043956043956,8.533839042313619e-05,4.664870834608051e-13,3.4166666666666665,0.3333333333333333
506,0.007692307692307693,0.006004962779156328,8.296787957804907e-05,3.1917537343144166e-13,5.116666666666666,0.0
507,0.00923076923076923,0.005318681318681319,8.296787957804907e-05,1.7186366306312063e-13,4.816666666666666,0.3333333333333333
508,0.007692307692307693,0.004540337711069419,6.637430366243925e-05,9.820780792464476e-14,4.5095238095238095,0.6666666666666666
509,0.006153846153846154,0.003723076923076923,5.215123859191656e-05,4.9103904165171006e-14,3.5607142857142855,1.0
510,0.00923076923076923,0.0031551499348109516,3.792817352139386e-05,2.455195223075435e-14,3.12063492063492,0.3333333333333333
511,0.0015384615384615385,0.0031202600216684727,0.0,8.183984118614061e-15,3.1829365079365077,0.0
512,0.004615384615384615,0.0,0.0,1.7968428854140633e-47,0.0,0.0
513,0.006153846153846154,0.0015384615384615385,9.482043380348465e-06,1.0421688735401568e-45,1.0,0.0
514,0.003076923076923077,0.0020512820512820513,1.4223065070522698e-05,1.0242004446860162e-45,1.5,0.0
515,0.0,0.0,0.0,8.651483795945268e-82,0.0,0.0
516,0.006153846153846154,0.002307692307692308,1.4223065070522698e-05,2.8969599420088216e-44,1.8333333333333333,0.0
517,0.006153846153846154,0.0024615384615384616,9.482043380348465e-06,5.421434353871311e-43,2.083333333333333,0.0
518,0.0015384615384615385,0.002564102564102564,0.0,5.141800679828748e-43,2.283333333333333,0.0
519,0.0,0.0,0.0,8.651483795945268e-82,0.0,0.0
520,0.0,0.0,0.0,8.651483795945268e-82,0.0,0.0
521,0.0,0.0,0.0,8.651483795945268e-82,0.0,0.0
522,0.0,0.0,0.0,8.651483795945268e-82,0.0,0.0
523,0.004615384615384615,0.0,0.0,1.7968428854140633e-47,0.0,0.0
524,0.0015384615384615385,0.0015384615384615385,0.0,1.7968428854140633e-47,1.0,0.0
525,0.004615384615384615,0.0,0.0,1.7968428854140633e-47,0.0,0.0
526,0.007692307692307693,0.005182186234817814,0.0001327486073248785,4.631642788021327e-11,4.25,0.0
527,0.006153846153846154,0.004450549450549451,0.00012800758563470427,2.1092966324580743e-11,3.6166666666666667,0.0
528,0.006153846153846154,0.004048582995951417,0.00011852554225435582,9.605948660819927e-12,3.433333333333333,0.0
529,0.00923076923076923,0.006564102564102564,0.00010430247718383312,4.436172362175665e-12,6.45952380952381,0.5
530,0.00923076923076923,0.005791855203619909,9.719094464857176e-05,2.08180432552696e-12,6.203571428571429,0.5
531,0.006153846153846154,0.0048622981956315285,6.874481450752637e-05,9.480745934525343e-13,4.7218253968253965,0.0
532,0.006153846153846154,0.0041898527004909985,4.029868436648098e-05,4.3176268957106195e-13,4.085714285714285,0.0
533,0.006153846153846154,0.0037869822485207105,1.4223065070522698e-05,1.3510217646615781e-13,4.4559884559884555,0.5
534,0.0015384615384615385,0.0015384615384615385,0.0,9.949206365337061e-80,1.0,0.0
535,0.006153846153846154,0.0,0.0,8.651483795945268e-82,0.0,0.5
536,0.004615384615384615,0.0,0.0,1.7968428854140633e-47,0.0,0.0
537,0.006153846153846154,0.0015384615384615385,2.607561929595828e-05,1.0421688735401568e-45,1.0,0.0
538,0.007692307692307693,0.0041025641025641026,4.741021690174233e-05,2.499621719976294e-22,3.0,0.3333333333333333
539,0.007692307692307693,0.0035164835164835165,6.400379281735214e-05,4.386530330451543e-22,2.833333333333333,1.0
540,0.00923076923076923,0.0024615384615384616,7.822685788787484e-05,3.3112937787715943e-22,2.083333333333333,0.3333333333333333
541,0.006153846153846154,0.002564102564102564,8.296787957804907e-05,2.499621719976294e-22,2.283333333333333,0.0
542,0.006153846153846154,0.0026373626373626374,8.533839042313619e-05,1.886908610475249e-22,2.45,0.0
543,0.006153846153846154,0.002692307692307692,8.296787957804907e-05,1.4243851682963458e-22,2.5928571428571425,0.0
544,0.006153846153846154,0.002735042735042735,7.585634704278772e-05,1.0752365516799484e-22,2.7178571428571425,0.0
545,0.006153846153846154,0.0027692307692307695,6.400379281735214e-05,8.116720587953008e-23,2.828968253968254,0.0
546,0.006153846153846154,0.0027972027972027976,4.741021690174233e-05,6.127131095010449e-23,2.9289682539682538,0.0
547,0.006153846153846154,0.0028205128205128203,2.607561929595828e-05,4.625234421789028e-23,3.0198773448773446,0.0
548,0.0015384615384615385,0.002840236686390533,0.0,1.9895894929425535e-23,3.103210678210678,0.0
549,0.0,0.0,0.0,8.651483795945268e-82,0.0,0.0
550,0.004615384615384615,0.0,0.0,1.7968428854140633e-47,0.0,0.0
551,0.006153846153846154,0.0015384615384615385,4.741021690174233e-05,1.0421688735401568e-45,1.0,0.0
552,0.006153846153846154,0.0020512820512820513,9.007941211331043e-05,2.9975831435920116e-44,1.5,0.0
553,0.006153846153846154,0.002307692307692308,0.00012800758563470427,5.700708659336793e-43,1.8333333333333333,0.0
554,0.006153846153846154,0.0024615384615384616,0.00016119473746592391,8.063889469590091e-42,2.083333333333333,0.0
555,0.006153846153846154,0.002564102564102564,0.00018964086760696932,9.049589410981058e-41,2.283333333333333,0.0
556,0.006153846153846154,0.0026373626373626374,0.00021334597605784047,8.392532695918138e-40,2.45,0.0
557,0.006153846153846154,0.002692307692307692,0.0002323100628185374,6.615381594738694e-39,2.5928571428571425,0.0
558,0.006153846153846154,0.002735042735042735,0.0002465331278890601,4.524323976915845e-38,2.7178571428571425,0.0
559,0.006153846153846154,0.0027692307692307695,0.00025601517126940855,2.727184045740748e-37,2.828968253968254,0.0
560,0.006153846153846154,0.0027972027972027976,0.0002607561929595828,1.4669630197998857e-36,2.9289682539682538,0.0
561,0.006153846153846154,0.0028205128205128203,0.0002607561929595828,7.112483019049174e-36,3.0198773448773446,0.0
562,0.006153846153846154,0.002840236686390533,0.00025601517126940855,3.1341173015827364e-35,3.103210678210678,0.0
563,0.006153846153846154,0.002857142857142857,0.0002465331278890601,1.2639218761857256e-34,3.180133755133755,0.0
564,0.006153846153846154,0.0028717948717948715,0.0002323100628185374,4.692547760070462e-34,3.2515623265623264,0.0
565,0.006153846153846154,0.0028846153846153848,0.00021334597605784047,1.6121300706352917e-33,3.318228993228993,0.0
566,0.006153846153846154,0.0028959276018099547,0.00018964086760696932,5.147900513391426e-33,3.380728993228993,0.0
567,0.006153846153846154,0.0029059829059829055,0.00016119473746592391,1.5339238848394402e-32,3.4395525226407577,0.0
568,0.006153846153846154,0.0029149797570850204,0.00012800758563470427,4.2799233806596863e-32,3.4951080781963135,0.0
569,0.006153846153846154,0.002923076923076923,9.007941211331043e-05,1.1217185264837153e-31,3.5477396571436817,0.0
570,0.006153846153846154,0.0029304029304029304,4.741021690174233e-05,2.769318223975863e-31,3.597739657143682,0.0
571,0.0015384615384615385,0.002937062937062937,0.0,1.9612406005731217e-31,3.6453587047627294,0.0
572,0.0,0.0,0.0,8.651483795945268e-82,0.0,0.0
573,0.0,0.0,0.0,8.651483795945268e-82,0.0,0.0
574,0.0015384615384615385,0.005251282051282052,0.0,3.005782116996373e-12,4.41904761904762,0.0
575,0.0015384615384615385,0.005251282051282052,0.0,3.005782116996373e-12,4.41904761904762,0.0
576,0.0015384615384615385,0.003076923076923077,0.0,2.0793052611227755e-26,2.6166666666666667,0.0
577,0.0015384615384615385,0.003076923076923077,0.0,2.0793052611227755e-26,2.6166666666666667,0.0
578,0.007692307692307693,0.0,0.0,1.7968428854140633e-47,0.0,0.3333333333333333
579,0.013846153846153847,0.004434389140271493,0.0042657342657342655,2.0277710190305186e-20,3.7500000000000004,0.19047619047619047
580,0.003076923076923077,0.005182186234817814,0.0,2.0277710190305186e-20,4.25,1.0
581,0.0,0.0,0.0,8.651483795945268e-82,0.0,0.0
582,0.0015384615384615385,0.0015384615384615385,0.0,1.7968428854140633e-47,1.0,0.0
583,0.010769230769230769,0.005034965034965035,0.003085219864880882,2.971842870324567e-20,3.833333333333333,0.3
584,0.007692307692307693,0.005538461538461539,3.5557662676306744e-05,4.999613889355086e-20,4.0,0.6666666666666666
585,0.004615384615384615,0.003956043956043956,0.0006495199715538699,2.0277710190305186e-20,3.0,0.6666666666666666
586,0.006153846153846154,0.0032579185520361996,0.0,1.3836045460811987e-20,2.6666666666666665,1.0
587,0.012307692307692308,0.004615384615384616,0.002503259452411995,4.355447416405766e-20,4.083333333333333,0.3
588,0.007692307692307693,0.0032579185520361996,1.4223065070522698e-05,2.971842870324567e-20,2.783333333333333,0.0
589,0.0015384615384615385,0.003141025641025641,0.0,1.2053364477579623e-20,2.783333333333333,0.0
590,0.0015384615384615385,0.0020512820512820513,0.0,1.0663103903193725e-27,1.5,0.0
591,0.006153846153846154,0.0015384615384615385,0.0,2.132620780638745e-27,1.0,0.0
592,0.012307692307692308,0.0015384615384615385,1.1852554225435583e-05,2.132620780638745e-27,1.0,0.1
593,0.006153846153846154,0.0020512820512820513,4.741021690174233e-06,2.132620780638745e-27,1.5,0.0
594,0.0015384615384615385,0.002307692307692308,0.0,1.0663103903193725e-27,1.8333333333333333,0.0
595,0.004615384615384615,0.0,0.0,1.7968428854140633e-47,0.0,0.0
596,0.00923076923076923,0.005494505494505495,2.3705108450871163e-06,8.530483122554974e-26,4.0,0.3333333333333333
597,0.00923076923076923,0.005494505494505495,2.3705108450871163e-06,8.530483122554974e-26,4.0,0.3333333333333333
598,0.006153846153846154,0.0,0.0,1.7968428854140633e-47,0.0,0.0
599,0.0015384615384615385,0.0015384615384615385,0.0,1.7968428854140633e-47,1.0,0.0
600,0.003076923076923077,0.0,0.0,8.651483795945268e-82,0.0,0.0
601,0.003076923076923077,0.003076923076923077,0.0,1.9811897892714668e-79,2.0,0.0
602,0.007692307692307693,0.003076923076923077,4.741021690174233e-06,5.390528656242184e-47,2.0,0.0
603,0.0015384615384615385,0.0027692307692307695,0.0,5.390528656242184e-47,2.0,0.0
604,0.003076923076923077,0.0,0.0,8.651483795945268e-82,0.0,0.0
605,0.0015384615384615385,0.003076923076923077,0.0,2.1326207806387446e-27,2.333333333333333,0.0
606,0.0015384615384615385,0.003076923076923077,0.0,2.1326207806387446e-27,2.333333333333333,0.0
607,0.0,0.0,0.0,8.651483795945268e-82,0.0,0.0
608,0.004615384615384615,0.0,0.0,1.7968428854140633e-47,0.0,0.0
609,0.006153846153846154,0.0015384615384615385,0.00045513808225672634,1.0421688735401568e-45,1.0,0.0
610,0.012307692307692308,0.003461538461538462,0.0009102761645134527,4.265241561277489e-27,2.5,0.1
611,0.003076923076923077,0.0035164835164835165,0.0,4.265241561277489e-27,2.833333333333333,1.0
612,0.012307692307692308,0.002307692307692308,0.0013298565840938724,4.265241561277489e-27,1.8333333333333333,0.2
613,0.006153846153846154,0.0024615384615384616,1.896408676069693e-05,4.265241561277489e-27,2.083333333333333,0.0
614,0.006153846153846154,0.002564102564102564,0.000448026549721465,4.265241561277489e-27,2.283333333333333,0.0
615,0.006153846153846154,0.0026373626373626374,0.0008723479909920588,4.2652415612774805e-27,2.45,0.0
616,0.013846153846153847,0.022277610657498927,0.0030271423491762474,0.004663840141547383,20.94285714285714,0.4666666666666667
617,0.007692307692307693,0.022647683807904804,0.0,0.004663840141547383,21.19285714285714,0.7
618,0.004615384615384615,0.0,0.0,1.7968428854140633e-47,0.0,0.0
619,0.006153846153846154,0.0015384615384615385,9.482043380348465e-06,1.0421688735401568e-45,1.0,0.0
620,0.006153846153846154,0.0020512820512820513,1.4223065070522698e-05,2.9975831435920116e-44,1.5,0.0
621,0.006153846153846154,0.002307692307692308,1.4223065070522698e-05,5.700708659336793e-43,1.8333333333333333,0.0
622,0.006153846153846154,0.0024615384615384616,9.482043380348465e-06,8.063889469590091e-42,2.083333333333333,0.0
623,0.0015384615384615385,0.002564102564102564,0.0,7.522770234647648e-42,2.283333333333333,0.0
624,0.004615384615384615,0.0,0.0,1.7968428854140633e-47,0.0,0.0
625,0.007692307692307693,0.00806201550387597,0.0004361739954960294,0.0017651313003594594,7.431349206349206,0.3333333333333333
626,0.016923076923076923,0.022983817335402352,0.008344690846005084,0.004400106045090612,20.06825396825396,0.35714285714285715
627,0.003076923076923077,0.0218625641025641,0.0,0.002634974744731153,18.759523809523806,1.0
628,0.006153846153846154,0.008129851799576572,0.0,0.012529301981065567,6.978968253968254,1.0
629,0.00923076923076923,0.008281811646297628,0.002425245630629479,0.016613315980863037,7.64563492063492,0.3333333333333333
630,0.0015384615384615385,0.007284382284382285,0.0,0.004084013999797469,6.344047619047619,0.0
631,0.010769230769230769,0.008603435399551905,0.007538717158675465,0.005415227053465381,7.803571428571428,0.3
632,0.012307692307692308,0.01006993006993007,0.00334947749422507,0.03843850881522897,9.370238095238095,0.26666666666666666
633,0.01846153846153846,0.009632107023411373,0.004251611157076579,0.2290746632535143,10.162301587301588,0.23809523809523808
634,0.007692307692307693,0.01006993006993007,0.0030209907667534787,0.11250985466068598,9.486904761904764,0.3333333333333333
635,0.006153846153846154,0.0038866396761133605,2.8446130141045396e-05,4.3953269478715095e-21,3.7035714285714287,0.0
636,0.0015384615384615385,0.0037142857142857147,0.0,1.7826809832323644e-21,3.578968253968254,0.0
637,0.004615384615384615,0.0,0.0,1.7968428854140633e-47,0.0,0.0
638,0.010769230769230769,0.004136752136752136,0.0015715419105249613,6.441664729493203e-21,4.1761904761904765,0.1
639,0.006153846153846154,0.0047135842880523734,0.0052953539055233985,6.441664729493203e-21,4.6761904761904765,0.3333333333333333
640,0.00923076923076923,0.003665158371040724,0.005248311011022876,9.440718512940479e-21,3.183333333333333,0.3333333333333333
641,0.007692307692307693,0.004395604395604396,4.978072774682944e-05,1.588238324243368e-20,4.183333333333334,0.3333333333333333
642,0.006153846153846154,0.004046822742474916,3.081664098613251e-05,1.083699167736471e-20,3.6761904761904765,0.0
643,0.006153846153846154,0.0038196286472148545,7.111532535261349e-06,7.394380731318787e-21,3.5369047619047618,0.0
644,0.003076923076923077,0.00590909090909091,0.0,8.6107535315337e-21,5.266666666666667,0.0
645,0.010769230769230769,0.003938461538461538,0.00475998577693493,1.3836045460811987e-20,3.2833333333333337,0.2
646,0.007692307692307693,0.0047928994082840235,2.3705108450871163e-06,2.3276763973752463e-20,4.283333333333333,0.6666666666666666
647,0.003076923076923077,0.005494505494505495,0.0,1.7665064225666044e-20,4.783333333333333,1.0
648,0.006153846153846154,0.003938461538461538,3.792817352139386e-05,1.3836045460811987e-20,3.2833333333333337,0.0
649,0.006153846153846154,0.003665158371040724,2.1334597605784048e-05,9.44071851294048e-21,3.183333333333333,0.0
650,0.006153846153846154,0.004136752136752136,0.0,6.441664729493203e-21,4.176190476190476,0.0
